Timestamp,FromBlockNumber,LatestBlockNumber,Diff
2025-03-02T00:00:00.571327Z,3451530,3451532,2
2025-03-02T00:00:01.219981Z,3451530,3451533,3
2025-03-02T00:00:02.326183Z,3451531,3451533,2
2025-03-02T00:00:02.975727Z,3451531,3451533,2
2025-03-02T00:00:03.625582Z,3451531,3451533,2
2025-03-02T00:00:04.274866Z,3451531,3451533,2
2025-03-02T00:00:04.923926Z,3451531,3451533,2
2025-03-02T00:00:05.573029Z,3451531,3451533,2
2025-03-02T00:00:06.222415Z,3451531,3451533,2
2025-03-02T00:00:06.871943Z,3451531,3451533,2
2025-03-02T00:00:07.521959Z,3451531,3451534,3
2025-03-02T00:00:08.543237Z,3451532,3451534,2
2025-03-02T00:00:09.192235Z,3451532,3451534,2
2025-03-02T00:00:09.841526Z,3451532,3451534,2
2025-03-02T00:00:10.491153Z,3451532,3451534,2
2025-03-02T00:00:11.140464Z,3451532,3451534,2
2025-03-02T00:00:11.796754Z,3451532,3451534,2
2025-03-02T00:00:12.446683Z,3451532,3451534,2
2025-03-02T00:00:13.097140Z,3451532,3451534,2
2025-03-02T00:00:13.746689Z,3451532,3451534,2
2025-03-02T00:00:14.396269Z,3451532,3451534,2
2025-03-02T00:00:15.044981Z,3451532,3451534,2
2025-03-02T00:00:15.694562Z,3451532,3451534,2
2025-03-02T00:00:16.343780Z,3451532,3451534,2
2025-03-02T00:00:16.993364Z,3451532,3451534,2
2025-03-02T00:00:17.642489Z,3451532,3451534,2
2025-03-02T00:00:18.291796Z,3451532,3451534,2
2025-03-02T00:00:18.941404Z,3451532,3451534,2
2025-03-02T00:00:19.590708Z,3451532,3451535,3
2025-03-02T00:00:20.640930Z,3451533,3451535,2
2025-03-02T00:00:21.290405Z,3451533,3451535,2
2025-03-02T00:00:21.939736Z,3451533,3451535,2
2025-03-02T00:00:22.588819Z,3451533,3451535,2
2025-03-02T00:00:23.238388Z,3451533,3451535,2
2025-03-02T00:00:23.887409Z,3451533,3451535,2
2025-03-02T00:00:24.538765Z,3451533,3451535,2
2025-03-02T00:00:25.190829Z,3451533,3451536,3
2025-03-02T00:00:26.248870Z,3451534,3451536,2
2025-03-02T00:00:26.898105Z,3451534,3451536,2
2025-03-02T00:00:27.547154Z,3451534,3451536,2
2025-03-02T00:00:28.195709Z,3451534,3451536,2
2025-03-02T00:00:28.845724Z,3451534,3451536,2
2025-03-02T00:00:29.494774Z,3451534,3451536,2
2025-03-02T00:00:30.144036Z,3451534,3451536,2
2025-03-02T00:00:30.793528Z,3451534,3451536,2
2025-03-02T00:00:31.445659Z,3451534,3451537,3
2025-03-02T00:00:32.477988Z,3451535,3451537,2
2025-03-02T00:00:33.127466Z,3451535,3451537,2
2025-03-02T00:00:33.776776Z,3451535,3451537,2
2025-03-02T00:00:34.425821Z,3451535,3451537,2
2025-03-02T00:00:35.075084Z,3451535,3451537,2
2025-03-02T00:00:35.723810Z,3451535,3451537,2
2025-03-02T00:00:36.373723Z,3451535,3451537,2
2025-03-02T00:00:37.023405Z,3451535,3451537,2
2025-03-02T00:00:37.673354Z,3451535,3451538,3
2025-03-02T00:00:38.680420Z,3451536,3451538,2
2025-03-02T00:00:39.330556Z,3451536,3451538,2
2025-03-02T00:00:39.981163Z,3451536,3451538,2
2025-03-02T00:00:40.630754Z,3451536,3451538,2
2025-03-02T00:00:41.280300Z,3451536,3451538,2
2025-03-02T00:00:41.928788Z,3451536,3451538,2
2025-03-02T00:00:42.577851Z,3451536,3451538,2
2025-03-02T00:00:43.227323Z,3451536,3451539,3
2025-03-02T00:00:44.289887Z,3451537,3451539,2
2025-03-02T00:00:44.939060Z,3451537,3451539,2
2025-03-02T00:00:45.588312Z,3451537,3451539,2
2025-03-02T00:00:46.236878Z,3451537,3451539,2
2025-03-02T00:00:46.886245Z,3451537,3451539,2
2025-03-02T00:00:47.535410Z,3451537,3451539,2
2025-03-02T00:00:48.185528Z,3451537,3451539,2
2025-03-02T00:00:48.835281Z,3451537,3451539,2
2025-03-02T00:00:49.484525Z,3451537,3451540,3
2025-03-02T00:00:50.628708Z,3451538,3451540,2
2025-03-02T00:00:51.277878Z,3451538,3451540,2
2025-03-02T00:00:51.927061Z,3451538,3451540,2
2025-03-02T00:00:52.576074Z,3451538,3451540,2
2025-03-02T00:00:53.224772Z,3451538,3451540,2
2025-03-02T00:00:53.874666Z,3451538,3451540,2
2025-03-02T00:00:54.524449Z,3451538,3451540,2
2025-03-02T00:00:55.175158Z,3451538,3451541,3
2025-03-02T00:00:56.233378Z,3451539,3451541,2
2025-03-02T00:00:56.881998Z,3451539,3451541,2
2025-03-02T00:00:57.530971Z,3451539,3451541,2
2025-03-02T00:00:58.180751Z,3451539,3451541,2
2025-03-02T00:00:58.830310Z,3451539,3451541,2
2025-03-02T00:00:59.479279Z,3451539,3451541,2
2025-03-02T00:01:00.128502Z,3451539,3451541,2
2025-03-02T00:01:00.778126Z,3451539,3451541,2
2025-03-02T00:01:01.428421Z,3451539,3451542,3
2025-03-02T00:01:02.432534Z,3451540,3451542,2
2025-03-02T00:01:03.081836Z,3451540,3451542,2
2025-03-02T00:01:03.730646Z,3451540,3451542,2
2025-03-02T00:01:04.380525Z,3451540,3451542,2
2025-03-02T00:01:05.030276Z,3451540,3451542,2
2025-03-02T00:01:05.680281Z,3451540,3451542,2
2025-03-02T00:01:06.329028Z,3451540,3451542,2
2025-03-02T00:01:06.977831Z,3451540,3451542,2
2025-03-02T00:01:07.627005Z,3451540,3451543,3
2025-03-02T00:01:08.640174Z,3451541,3451543,2
2025-03-02T00:01:09.293982Z,3451541,3451543,2
2025-03-02T00:01:09.943216Z,3451541,3451543,2
2025-03-02T00:01:10.603642Z,3451541,3451543,2
2025-03-02T00:01:11.253119Z,3451541,3451543,2
2025-03-02T00:01:11.902065Z,3451541,3451543,2
2025-03-02T00:01:12.551169Z,3451541,3451543,2
2025-03-02T00:01:13.200468Z,3451541,3451543,2
2025-03-02T00:01:13.849755Z,3451541,3451543,2
2025-03-02T00:01:14.498977Z,3451541,3451543,2
2025-03-02T00:01:15.148192Z,3451541,3451543,2
2025-03-02T00:01:15.810006Z,3451541,3451543,2
2025-03-02T00:01:16.470067Z,3451541,3451543,2
2025-03-02T00:01:17.189145Z,3451541,3451543,2
2025-03-02T00:01:17.837710Z,3451541,3451543,2
2025-03-02T00:01:18.487799Z,3451541,3451543,2
2025-03-02T00:01:19.137777Z,3451541,3451544,3
2025-03-02T00:01:20.178739Z,3451542,3451544,2
2025-03-02T00:01:20.828016Z,3451542,3451544,2
2025-03-02T00:01:21.476884Z,3451542,3451544,2
2025-03-02T00:01:22.190409Z,3451542,3451544,2
2025-03-02T00:01:22.840521Z,3451542,3451544,2
2025-03-02T00:01:23.489754Z,3451542,3451544,2
2025-03-02T00:01:24.139546Z,3451542,3451544,2
2025-03-02T00:01:24.789125Z,3451542,3451544,2
2025-03-02T00:01:25.438300Z,3451542,3451545,3
2025-03-02T00:01:26.450181Z,3451543,3451545,2
2025-03-02T00:01:27.191710Z,3451543,3451545,2
2025-03-02T00:01:27.841501Z,3451543,3451545,2
2025-03-02T00:01:28.490855Z,3451543,3451545,2
2025-03-02T00:01:29.140054Z,3451543,3451545,2
2025-03-02T00:01:29.789248Z,3451543,3451545,2
2025-03-02T00:01:30.438131Z,3451543,3451545,2
2025-03-02T00:01:31.088327Z,3451543,3451545,2
2025-03-02T00:01:31.737056Z,3451543,3451546,3
2025-03-02T00:01:32.853191Z,3451544,3451546,2
2025-03-02T00:01:33.501842Z,3451544,3451546,2
2025-03-02T00:01:34.151763Z,3451544,3451546,2
2025-03-02T00:01:34.801694Z,3451544,3451546,2
2025-03-02T00:01:35.451225Z,3451544,3451546,2
2025-03-02T00:01:36.100105Z,3451544,3451546,2
2025-03-02T00:01:36.749978Z,3451544,3451546,2
2025-03-02T00:01:37.398782Z,3451544,3451547,3
2025-03-02T00:01:38.401039Z,3451545,3451547,2
2025-03-02T00:01:39.050284Z,3451545,3451547,2
2025-03-02T00:01:39.698768Z,3451545,3451547,2
2025-03-02T00:01:40.348154Z,3451545,3451547,2
2025-03-02T00:01:40.997637Z,3451545,3451547,2
2025-03-02T00:01:41.646969Z,3451545,3451547,2
2025-03-02T00:01:42.346700Z,3451545,3451547,2
2025-03-02T00:01:42.996581Z,3451545,3451547,2
2025-03-02T00:01:43.645758Z,3451545,3451548,3
2025-03-02T00:01:44.660915Z,3451546,3451548,2
2025-03-02T00:01:45.314983Z,3451546,3451548,2
2025-03-02T00:01:45.964062Z,3451546,3451548,2
2025-03-02T00:01:46.613510Z,3451546,3451548,2
2025-03-02T00:01:47.361149Z,3451546,3451548,2
2025-03-02T00:01:48.010299Z,3451546,3451548,2
2025-03-02T00:01:48.659441Z,3451546,3451548,2
2025-03-02T00:01:49.309150Z,3451546,3451549,3
2025-03-02T00:01:50.329934Z,3451547,3451549,2
2025-03-02T00:01:50.981036Z,3451547,3451549,2
2025-03-02T00:01:51.629869Z,3451547,3451549,2
2025-03-02T00:01:52.302932Z,3451547,3451549,2
2025-03-02T00:01:52.952703Z,3451547,3451549,2
2025-03-02T00:01:53.602277Z,3451547,3451549,2
2025-03-02T00:01:54.266113Z,3451547,3451549,2
2025-03-02T00:01:54.915261Z,3451547,3451549,2
2025-03-02T00:01:55.942557Z,3451547,3451550,3
2025-03-02T00:01:57.061118Z,3451548,3451550,2
2025-03-02T00:01:57.710059Z,3451548,3451550,2
2025-03-02T00:01:58.358822Z,3451548,3451550,2
2025-03-02T00:01:59.008123Z,3451548,3451550,2
2025-03-02T00:01:59.657209Z,3451548,3451550,2
2025-03-02T00:02:00.305795Z,3451548,3451550,2
2025-03-02T00:02:00.955478Z,3451548,3451550,2
2025-03-02T00:02:01.613836Z,3451548,3451551,3
2025-03-02T00:02:02.622202Z,3451549,3451551,2
2025-03-02T00:02:03.270861Z,3451549,3451551,2
2025-03-02T00:02:03.920422Z,3451549,3451551,2
2025-03-02T00:02:04.569826Z,3451549,3451551,2
2025-03-02T00:02:05.218844Z,3451549,3451551,2
2025-03-02T00:02:05.868665Z,3451549,3451551,2
2025-03-02T00:02:06.631253Z,3451549,3451551,2
